запрос;группа;посадочная страница;просмотры/мес
адаптер для скважины;Адаптер;/skvazhina/adapter-dlya-skvazhiny/;1254
адаптер для скважины купить;Адаптер;/skvazhina/adapter-dlya-skvazhiny/;194
скважинный адаптер для скважины;Адаптер;/skvazhina/adapter-dlya-skvazhiny/;129
адаптер для скважины 1 под 32;Адаптер;/skvazhina/adapter-dlya-skvazhiny/;20
адаптер для трубы для скважины;Адаптер;/skvazhina/adapter-dlya-skvazhiny/;14
адаптер для скважины купить 1 под 32;Адаптер;/skvazhina/adapter-dlya-skvazhiny/;12
адаптер для скважины 32;Адаптер;/skvazhina/adapter-dlya-skvazhiny/;6
адаптер для скважин 1;Адаптер;/skvazhina/adapter-dlya-skvazhiny/;3
лучшие адаптеры для скважины;Адаптер;/skvazhina/adapter-dlya-skvazhiny/;1
адаптер для скважины под 32 пнд;Адаптер;/skvazhina/adapter-dlya-skvazhiny/;0
адаптер для скважины под 32 трубу;Адаптер;/skvazhina/adapter-dlya-skvazhiny/;0
адаптер для скважины 32 пнд трубу;Адаптер;/skvazhina/adapter-dlya-skvazhiny/;0
геотекстиль для дренажа;Геотекстиль;/drenazh/geotekstil-dlya-drenazha/;1090
труба дренажная в геотекстиле 110;Геотекстиль;/drenazh/geotekstil-dlya-drenazha/;774
геотекстиль для дренажа купить;Геотекстиль;/drenazh/geotekstil-dlya-drenazha/;321
дренажная труба в геотекстиле 110 цена;Геотекстиль;/drenazh/geotekstil-dlya-drenazha/;278
дренажная труба в геотекстиле;Геотекстиль;/drenazh/geotekstil-dlya-drenazha/;202
купить трубу дренажную 110 мм в геотекстиле;Геотекстиль;/drenazh/geotekstil-dlya-drenazha/;194
купить трубу дренажную в геотекстиле 110;Геотекстиль;/drenazh/geotekstil-dlya-drenazha/;114
труба дренажная в геотекстиле 160;Геотекстиль;/drenazh/geotekstil-dlya-drenazha/;61
труба дренажная 110 мм в геотекстиле;Геотекстиль;/drenazh/geotekstil-dlya-drenazha/;18
дренажная труба в геотекстиле купить;Геотекстиль;/drenazh/geotekstil-dlya-drenazha/;15
геотекстиль трубы дренажные цена;Геотекстиль;/drenazh/geotekstil-dlya-drenazha/;0
геотекстиль для дренажа какой выбрать;Геотекстиль (рейтинг);/drenazh/rating-geotekstilya/;208
какой геотекстиль использовать для дренажа;Геотекстиль (рейтинг);/drenazh/rating-geotekstilya/;149
плотность геотекстиля для дренажа;Геотекстиль (рейтинг);/drenazh/rating-geotekstilya/;94
какой геотекстиль для дренажа;Геотекстиль (рейтинг);/drenazh/rating-geotekstilya/;89
какой геотекстиль нужен для дренажа;Геотекстиль (рейтинг);/drenazh/rating-geotekstilya/;75
геотекстиль для дренажа какая плотность;Геотекстиль (рейтинг);/drenazh/rating-geotekstilya/;74
схема водоснабжения частного дома от скважины с гидроаккумулятором;Гидроаккумулятор;/skvazhina/gidroakkumulyator-dlya-skvazhiny/;313
гидроаккумулятор для скважины;Гидроаккумулятор;/skvazhina/gidroakkumulyator-dlya-skvazhiny/;232
гидроаккумулятор для скважины с автоматикой;Гидроаккумулятор;/skvazhina/gidroakkumulyator-dlya-skvazhiny/;85
гидроаккумулятор для скважины купить;Гидроаккумулятор;/skvazhina/gidroakkumulyator-dlya-skvazhiny/;52
как выбрать гидроаккумулятор для водоснабжения из скважины;Гидроаккумулятор;/skvazhina/gidroakkumulyator-dlya-skvazhiny/;31
гидроаккумулятор для скважины как подключить;Гидроаккумулятор;/skvazhina/gidroakkumulyator-dlya-skvazhiny/;6
автоматика для скважины без гидроаккумулятора;Гидроаккумулятор;/skvazhina/gidroakkumulyator-dlya-skvazhiny/;6
гидроаккумулятор для скважины какой;Гидроаккумулятор;/skvazhina/gidroakkumulyator-dlya-skvazhiny/;2
гидроаккумулятор для скважины в частный дом;Гидроаккумулятор;/skvazhina/gidroakkumulyator-dlya-skvazhiny/;2
гидроаккумулятор для скважины воды;Гидроаккумулятор;/skvazhina/gidroakkumulyator-dlya-skvazhiny/;1
гидроаккумулятор для систем водоснабжения скважины;Гидроаккумулятор;/skvazhina/gidroakkumulyator-dlya-skvazhiny/;0
гидроаккумулятор для скважины подключение;Гидроаккумулятор;/skvazhina/gidroakkumulyator-dlya-skvazhiny/;0
как выбрать гидроаккумулятор для скважины;Гидроаккумулятор;/skvazhina/gidroakkumulyator-dlya-skvazhiny/;0
гидроаккумулятор для скважины схема;Гидроаккумулятор;/skvazhina/gidroakkumulyator-dlya-skvazhiny/;0
какой выбрать гидроаккумулятор для скважины;Гидроаккумулятор (рейтинг);/skvazhina/rating-gidroakkumulyatorov/;10
как сделать дренаж на участке;Дренаж участка (гайд);/drenazh/drenazh-uchastka-svoimi-rukami/;490
дренаж участка своими руками;Дренаж участка (гайд);/drenazh/drenazh-uchastka-svoimi-rukami/;414
правильный дренаж на участке;Дренаж участка (гайд);/drenazh/drenazh-uchastka-svoimi-rukami/;40
как сделать дренаж участка своими руками;Дренаж участка (гайд);/drenazh/drenazh-uchastka-svoimi-rukami/;32
сделать дренаж на участке своими руками;Дренаж участка (гайд);/drenazh/drenazh-uchastka-svoimi-rukami/;32
как сделать дренаж своими руками;Дренаж участка (гайд);/drenazh/drenazh-uchastka-svoimi-rukami/;28
дренаж участка под;Дренаж участка (гайд);/drenazh/drenazh-uchastka-svoimi-rukami/;0
труба дренажная 110;Дренажная труба;/drenazh/drenazhnaya-truba/;3431
дренажная труба купить;Дренажная труба;/drenazh/drenazhnaya-truba/;2107
дренажная труба без щебня;Дренажная труба;/drenazh/drenazhnaya-truba/;849
труба дренажная гофрированная;Дренажная труба;/drenazh/drenazhnaya-truba/;817
труба дренажная 160;Дренажная труба;/drenazh/drenazhnaya-truba/;568
труба перфорированная дренажная;Дренажная труба;/drenazh/drenazhnaya-truba/;409
дренажная труба 200;Дренажная труба;/drenazh/drenazhnaya-truba/;401
дренажные трубы для отвода грунтовых вод;Дренажная труба;/drenazh/drenazhnaya-truba/;390
дренажная труба 110 купить;Дренажная труба;/drenazh/drenazhnaya-truba/;315
труба дренажная 110 гофрированная;Дренажная труба;/drenazh/drenazhnaya-truba/;252
дренажная труба 300;Дренажная труба;/drenazh/drenazhnaya-truba/;227
как укладывать дренажную трубу;Дренажная труба;/drenazh/drenazhnaya-truba/;220
дренажная труба цена;Дренажная труба;/drenazh/drenazhnaya-truba/;183
дренажная труба с перфорацией;Дренажная труба;/drenazh/drenazhnaya-truba/;183
диаметр дренажной трубы;Дренажная труба;/drenazh/drenazhnaya-truba/;177
купить дренажную трубу 110 мм;Дренажная труба;/drenazh/drenazhnaya-truba/;92
дренажная труба для отвода воды;Дренажная труба;/drenazh/drenazhnaya-truba/;71
дренажные трубы для отвода грунтовых;Дренажная труба;/drenazh/drenazhnaya-truba/;55
труба дренажная гофрированная купить;Дренажная труба;/drenazh/drenazhnaya-truba/;54
дренажные трубы для отвода;Дренажная труба;/drenazh/drenazhnaya-truba/;52
дренажная труба 110 мм;Дренажная труба;/drenazh/drenazhnaya-truba/;51
труба дренажная гофрированная перфорированная;Дренажная труба;/drenazh/drenazhnaya-truba/;46
бухта дренажной трубы;Дренажная труба;/drenazh/drenazhnaya-truba/;36
дренажная труба 50;Дренажная труба;/drenazh/drenazhnaya-truba/;25
купить перфорированную дренажную трубу;Дренажная труба;/drenazh/drenazhnaya-truba/;23
труба для дренажных вод;Дренажная труба;/drenazh/drenazhnaya-truba/;2
дренажные трубы метров;Дренажная труба;/drenazh/drenazhnaya-truba/;2
труба дренажная мм;Дренажная труба;/drenazh/drenazhnaya-truba/;0
дренажная труба без;Дренажная труба;/drenazh/drenazhnaya-truba/;0
труба дренажная м;Дренажная труба;/drenazh/drenazhnaya-truba/;0
правильная дренажная труба;Дренажная труба;/drenazh/drenazhnaya-truba/;0
труба дренажная двухслойная;Дренажная труба (рейтинг);/drenazh/rating-drenazhnyh-trub/;56
дренажный колодец пластиковый;Дренажный колодец;/drenazh/drenazhnyy-kolodec/;1197
дренажный колодец купить;Дренажный колодец;/drenazh/drenazhnyy-kolodec/;1006
дренажный колодец для септика;Дренажный колодец;/drenazh/drenazhnyy-kolodec/;465
колодец дренажный смотровой;Дренажный колодец;/drenazh/drenazhnyy-kolodec/;355
дренажный колодец своими руками;Дренажный колодец;/drenazh/drenazhnyy-kolodec/;284
купить дренажный колодец пластиковый;Дренажный колодец;/drenazh/drenazhnyy-kolodec/;255
конусный дренажный колодец;Дренажный колодец;/drenazh/drenazhnyy-kolodec/;170
крышка для дренажного колодца;Дренажный колодец;/drenazh/drenazhnyy-kolodec/;156
колодец ливневой канализации;Дренажный колодец;/drenazh/drenazhnyy-kolodec/;109
колодец дренажный конический;Дренажный колодец;/drenazh/drenazhnyy-kolodec/;103
как сделать дренажный колодец;Дренажный колодец;/drenazh/drenazhnyy-kolodec/;77
дренажный колодец 315;Дренажный колодец;/drenazh/drenazhnyy-kolodec/;62
диаметр дренажного колодца;Дренажный колодец;/drenazh/drenazhnyy-kolodec/;36
колодец дренажный 400;Дренажный колодец;/drenazh/drenazhnyy-kolodec/;33
отвод воды из дренажного колодца;Дренажный колодец;/drenazh/drenazhnyy-kolodec/;21
дренажный колодец для ливневой;Дренажный колодец;/drenazh/drenazhnyy-kolodec/;12
дренажный колодец для воды;Дренажный колодец;/drenazh/drenazhnyy-kolodec/;7
канализация дренажный колодец;Дренажный колодец;/drenazh/drenazhnyy-kolodec/;2
какой колодец дренажный;Дренажный колодец;/drenazh/drenazhnyy-kolodec/;1
дренажный колодец 110;Дренажный колодец;/drenazh/drenazhnyy-kolodec/;0
кессон для скважины;Кессон;/skvazhina/kesson-dlya-skvazhiny/;6724
купить кессон для скважины;Кессон;/skvazhina/kesson-dlya-skvazhiny/;1109
пластиковый кессон для скважины;Кессон;/skvazhina/kesson-dlya-skvazhiny/;935
кессон для скважины своими руками;Кессон;/skvazhina/kesson-dlya-skvazhiny/;505
кессон для скважины пластиковый купить;Кессон;/skvazhina/kesson-dlya-skvazhiny/;340
кессон для абиссинской скважины;Кессон;/skvazhina/kesson-dlya-skvazhiny/;215
для чего нужен кессон для скважины;Кессон;/skvazhina/kesson-dlya-skvazhiny/;116
кессон для скважины цена;Кессон;/skvazhina/kesson-dlya-skvazhiny/;96
кессон для скважины под ключ;Кессон;/skvazhina/kesson-dlya-skvazhiny/;88
кессон погреб для скважины;Кессон;/skvazhina/kesson-dlya-skvazhiny/;85
кессон из бетонных колец для скважины;Кессон;/skvazhina/kesson-dlya-skvazhiny/;80
кессон или адаптер для скважины;Кессон;/skvazhina/kesson-dlya-skvazhiny/;78
бетонный кессон для скважины;Кессон;/skvazhina/kesson-dlya-skvazhiny/;59
установка кессона для скважины;Кессон;/skvazhina/kesson-dlya-skvazhiny/;47
кессон из колец для скважины;Кессон;/skvazhina/kesson-dlya-skvazhiny/;35
как сделать кессон для скважины;Кессон;/skvazhina/kesson-dlya-skvazhiny/;34
лучшие кессоны для скважин;Кессон;/skvazhina/kesson-dlya-skvazhiny/;10
недорогие кессоны для скважин;Кессон;/skvazhina/kesson-dlya-skvazhiny/;4
производители кессонов для скважин;Кессон;/skvazhina/kesson-dlya-skvazhiny/;2
кессон для скважины вода;Кессон;/skvazhina/kesson-dlya-skvazhiny/;0
дождеприемники для ливневой канализации;Ливнёвка;/livnevka/livnevaya-kanalizaciya/;700
труба для ливневой канализации;Ливнёвка;/livnevka/livnevaya-kanalizaciya/;335
монтаж ливневой канализации;Ливнёвка;/livnevka/livnevaya-kanalizaciya/;148
устройство ливневой канализации;Ливнёвка;/livnevka/livnevaya-kanalizaciya/;132
уклон ливневой канализации;Ливнёвка;/livnevka/livnevaya-kanalizaciya/;120
лотки для ливневой канализации;Ливнёвка;/livnevka/livnevaya-kanalizaciya/;118
система ливневой канализации;Ливнёвка;/livnevka/livnevaya-kanalizaciya/;83
ливневая канализация купить;Ливнёвка;/livnevka/livnevaya-kanalizaciya/;57
сети ливневой канализации;Ливнёвка;/livnevka/livnevaya-kanalizaciya/;22
дренажно ливневая канализация;Ливнёвка;/livnevka/livnevaya-kanalizaciya/;11
диаметр ливневой канализации;Ливнёвка;/livnevka/livnevaya-kanalizaciya/;9
ливневая канализация работы;Ливнёвка;/livnevka/livnevaya-kanalizaciya/;2
канализация ливневых вод;Ливнёвка;/livnevka/livnevaya-kanalizaciya/;0
ливневая канализация 110;Ливнёвка;/livnevka/livnevaya-kanalizaciya/;0
ливневая канализация в частном;Ливнёвка;/livnevka/livnevaya-kanalizaciya/;0
обсадная труба для скважины;Обсадная труба;/skvazhina/truba-dlya-skvazhiny/;1300
труба для скважины;Обсадная труба;/skvazhina/truba-dlya-skvazhiny/;1022
пластиковая труба для скважины;Обсадная труба;/skvazhina/truba-dlya-skvazhiny/;241
труба обсадная для скважин 125 купить;Обсадная труба;/skvazhina/truba-dlya-skvazhiny/;214
обсадная труба для скважины 125;Обсадная труба;/skvazhina/truba-dlya-skvazhiny/;189
трубы для скважины на воду;Обсадная труба;/skvazhina/truba-dlya-skvazhiny/;174
труба для абиссинской скважины;Обсадная труба;/skvazhina/truba-dlya-skvazhiny/;154
труба для скважины 125;Обсадная труба;/skvazhina/truba-dlya-skvazhiny/;137
обсадные пластиковые трубы для скважин;Обсадная труба;/skvazhina/truba-dlya-skvazhiny/;121
диаметр обсадной трубы для скважины;Обсадная труба;/skvazhina/truba-dlya-skvazhiny/;119
труба для скважины нпвх;Обсадная труба;/skvazhina/truba-dlya-skvazhiny/;114
обсадная труба для скважины купить;Обсадная труба;/skvazhina/truba-dlya-skvazhiny/;96
синяя труба для скважины;Обсадная труба;/skvazhina/truba-dlya-skvazhiny/;81
купить трубу для скважины;Обсадная труба;/skvazhina/truba-dlya-skvazhiny/;80
труба 125 для скважины цена;Обсадная труба;/skvazhina/truba-dlya-skvazhiny/;68
какая труба лучше для скважины;Обсадная труба;/skvazhina/truba-dlya-skvazhiny/;57
трубы для бурения скважин;Обсадная труба;/skvazhina/truba-dlya-skvazhiny/;46
обсадная труба для скважины 125 мм;Обсадная труба;/skvazhina/truba-dlya-skvazhiny/;35
металлическая труба для скважины;Обсадная труба;/skvazhina/truba-dlya-skvazhiny/;27
какую трубу использовать для скважины;Обсадная труба;/skvazhina/truba-dlya-skvazhiny/;27
купить трубу для скважины 125;Обсадная труба;/skvazhina/truba-dlya-skvazhiny/;24
труба для скважины цена;Обсадная труба;/skvazhina/truba-dlya-skvazhiny/;19
труба для скважины 110;Обсадная труба;/skvazhina/truba-dlya-skvazhiny/;18
труба 125 мм для скважины;Обсадная труба;/skvazhina/truba-dlya-skvazhiny/;18
какая труба для скважины;Обсадная труба;/skvazhina/truba-dlya-skvazhiny/;10
обсадная труба для скважины цена;Обсадная труба;/skvazhina/truba-dlya-skvazhiny/;10
труба для скважины 25;Обсадная труба;/skvazhina/truba-dlya-skvazhiny/;3
какая обсадная труба для скважины;Обсадная труба;/skvazhina/truba-dlya-skvazhiny/;0
лучшие трубы для скважины;Обсадная труба;/skvazhina/truba-dlya-skvazhiny/;0
резьба для труб скважин;Обсадная труба;/skvazhina/truba-dlya-skvazhiny/;0
скважина для воды какие трубы;Обсадная труба;/skvazhina/truba-dlya-skvazhiny/;0
отвод воды от дома;Отвод воды от дома;/drenazh/otvod-vody-ot-doma/;178
отвод воды с крыши в частном доме;Отвод воды от дома;/drenazh/otvod-vody-ot-doma/;61
отвод воды от дома дренаж;Отвод воды от дома;/drenazh/otvod-vody-ot-doma/;58
как сделать отвод воды от дома;Отвод воды от дома;/drenazh/otvod-vody-ot-doma/;40
отвод воды от дома своими руками;Отвод воды от дома;/drenazh/otvod-vody-ot-doma/;33
отвод воды от фундамента дома;Отвод воды от дома;/drenazh/otvod-vody-ot-doma/;11
отвод воды от частного дома;Отвод воды от дома;/drenazh/otvod-vody-ot-doma/;0
пнд труба для скважины 32;Труба ПНД;/skvazhina/truby-pnd-dlya-skvazhiny/;302
трубы пнд для скважины;Труба ПНД;/skvazhina/truby-pnd-dlya-skvazhiny/;146
диаметр трубы для скважины;Труба ПНД;/skvazhina/truby-pnd-dlya-skvazhiny/;82
труба дренажная пнд;Труба ПНД;/skvazhina/truby-pnd-dlya-skvazhiny/;54
труба для скважины 32;Труба ПНД;/skvazhina/truby-pnd-dlya-skvazhiny/;42
пнд труба для скважины купить;Труба ПНД;/skvazhina/truby-pnd-dlya-skvazhiny/;22
купить трубу 32 для скважины;Труба ПНД;/skvazhina/truby-pnd-dlya-skvazhiny/;9
какой диаметр трубы для скважины;Труба ПНД;/skvazhina/truby-pnd-dlya-skvazhiny/;9
укладка дренажной трубы;Укладка трубы;/drenazh/ukladka-drenazhnoy-truby/;262
уклон дренажной трубы;Укладка трубы;/drenazh/ukladka-drenazhnoy-truby/;206
муфта для дренажной трубы;Укладка трубы;/drenazh/ukladka-drenazhnoy-truby/;69
глубина дренажной трубы;Укладка трубы;/drenazh/ukladka-drenazhnoy-truby/;26
фильтр для воды из скважины;Фильтр для воды;/skvazhina/filtr-dlya-vody-iz-skvazhiny/;569
фильтр грубой очистки для воды из скважины;Фильтр для воды;/skvazhina/filtr-dlya-vody-iz-skvazhiny/;483
фильтр для воды от железа из скважины;Фильтр для воды;/skvazhina/filtr-dlya-vody-iz-skvazhiny/;289
фильтр для очистки воды из скважины;Фильтр для воды;/skvazhina/filtr-dlya-vody-iz-skvazhiny/;228
магистральный фильтр для воды из скважины;Фильтр для воды;/skvazhina/filtr-dlya-vody-iz-skvazhiny/;220
фильтр для воды из скважины частного дома;Фильтр для воды;/skvazhina/filtr-dlya-vody-iz-skvazhiny/;45
фильтр для воды в дом из скважины;Фильтр для воды;/skvazhina/filtr-dlya-vody-iz-skvazhiny/;45
купить фильтр для воды из скважины;Фильтр для воды;/skvazhina/filtr-dlya-vody-iz-skvazhiny/;28
фильтр на трубу для скважины;Фильтр для воды;/skvazhina/filtr-dlya-vody-iz-skvazhiny/;25
какой фильтр для воды из скважины;Фильтр для воды;/skvazhina/filtr-dlya-vody-iz-skvazhiny/;9
фильтры очистки воды для дома из скважины;Фильтр для воды;/skvazhina/filtr-dlya-vody-iz-skvazhiny/;5
грубый фильтр для воды из скважины;Фильтр для воды;/skvazhina/filtr-dlya-vody-iz-skvazhiny/;2
щебень для дренажа;Щебень;/drenazh/shcheben-dlya-drenazha/;239
щебень для дренажа какая фракция нужна;Щебень;/drenazh/shcheben-dlya-drenazha/;211
щебень для дренажа какая фракция;Щебень;/drenazh/shcheben-dlya-drenazha/;159
какой щебень лучше для дренажа;Щебень;/drenazh/shcheben-dlya-drenazha/;155
какой щебень нужен для дренажа;Щебень;/drenazh/shcheben-dlya-drenazha/;144
какой щебень использовать для дренажа лучше;Щебень;/drenazh/shcheben-dlya-drenazha/;105
какой щебень для дренажа;Щебень;/drenazh/shcheben-dlya-drenazha/;81
какой щебень использовать для дренажа;Щебень;/drenazh/shcheben-dlya-drenazha/;71
какой щебень нужен для дренажа на участке;Щебень;/drenazh/shcheben-dlya-drenazha/;55
купить щебень для дренажа;Щебень;/drenazh/shcheben-dlya-drenazha/;34
гранитный щебень для дренажа;Щебень;/drenazh/shcheben-dlya-drenazha/;29
можно ли для дренажа использовать щебень;Щебень;/drenazh/shcheben-dlya-drenazha/;8
лучший щебень для дренажа;Щебень;/drenazh/shcheben-dlya-drenazha/;0
дренажный колодец щебень;Щебень;/drenazh/shcheben-dlya-drenazha/;0
